{
    "raw_acc": 67.70833333333333,
    "score": 52.773029439696096,
    "target_FGSM_targeted_sr": 1.5384615384615385,
    "target_PGD_targeted_sr": 21.53846153846154
}